Intensity Vs Time, Counts Per Second
Time in Seconds ,Li7,Na23,Al27,K39,Ca43,Ti47,Fe57,Cu63,Zn66,P31,Cs133,La139,Ce140,Ta181,Au197,Pb208,Th232,Nb93,Pr141,Eu153,Tb159,Ho165,Er166,Tm169,Lu175,Rb85,Sr88,Y89,Mg24,Ba137,Hf178,Nd146,Zr90,Sm147,Gd157,Dy163,Yb172,Si29,S33,B11,V51,Se77,Mn55,Mo95,As75
0.,0.,400.0056000784,200.0014000098,38852.762050865,200.0014000098,0.,300.00315003308,40.000056000078,20.00001400001,2900.2943798796,0.,0.,0.,0.,0.,0.,0.,0.,0.,0.,0.,0.,0.,0.,0.,0.,0.,0.,0.,0.,0.,0.,0.,0.,0.,0.,0.,75700.037348694,5300.9833324082,0.,0.,0.,1400.0686033616,0.,0
0.729,0.,500.00875015313,100.00035000123,33739.796089488,200.0014000098,0.,100.00035000123,0.,0.,3300.3811940279,0.,0.,0.,0.,0.,0.,0.,0.,0.,0.,0.,0.,0.,0.,0.,0.,0.,0.,0.,0.,0.,0.,0.,0.,0.,0.,0.,80425.75509455,5100.9105125265,0.,0.,0.,1100.0423516305,0.,0
1.458,0.,500.00875015313,0.,36245.923585182,0.,0.,100.00035000123,0.,0.,3000.3150330785,0.,0.,0.,0.,0.,0.,0.,0.,0.,0.,0.,0.,0.,0.,0.,0.,0.,0.,0.,0.,0.,0.,0.,0.,0.,0.,0.,79721.825980792,7201.8148573441,0.,0.,0.,1500.0787541346,0.,0
2.187,0.,600.01260026461,100.00035000123,37047.977130384,200.0014000098,0.,100.00035000123,0.,20.00001400001,3700.479212058,0.,0.,0.,0.,0.,0.,0.,0.,0.,0.,0.,0.,0.,0.,0.,0.,0.,0.,0.,0.,0.,0.,0.,0.,0.,0.,0.,81833.717096026,6101.3026281111,0.,0.,0.,600.01260026461,0.,0
2.916,0.,400.0056000784,0.,36747.201780687,200.0014000098,0.,400.0056000784,0.,20.00001400001,3300.3811940279,0.,0.,0.,0.,0.,0.,0.,0.,0.,0.,0.,0.,0.,0.,0.,0.,0.,0.,0.,0.,0.,0.,0.,0.,0.,0.,0.,76001.632330573,5801.1776390607,0.,0.,0.,600.01260026461,0.,0
3.645,0.,300.00315003308,300.00315003308,40858.345717685,100.00035000123,0.,300.00315003308,0.,40.000056000078,2400.2016169358,0.,0.,0.,0.,0.,0.,0.,0.,0.,0.,0.,0.,0.,0.,0.,0.,0.,0.,0.,0.,0.,0.,100.00035000123,0.,0.,0.,0.,81833.717096026,6201.3456920152,0.,0.,0.,1700.1011560188,0.,0
4.374,0.,200.0014000098,300.00315003308,35744.662956364,100.00035000123,0.,200.0014000098,0.,0.,3100.3363864979,0.,0.,0.,0.,0.,0.,0.,0.,0.,0.,0.,0.,0.,0.,0.,0.,0.,0.,0.,0.,0.,0.,0.,0.,0.,0.,0.,85253.629547905,7902.1849541398,0.,0.,0.,1400.0686033616,0.,0
5.103,100.00035000123,500.00875015313,0.,33238.623280252,0.,0.,0.,20.00001400001,0.,3800.5054672271,0.,0.,0.,0.,0.,0.,0.,0.,0.,0.,0.,0.,0.,0.,0.,0.,0.,0.,0.,0.,0.,0.,0.,0.,0.,0.,0.,80325.19167486,4100.5884344403,0.,100.00035000123,0.,1000.035001225,0.,0
5.832,0.,400.0056000784,100.00035000123,36446.43275533,0.,100.00035000123,100.00035000123,20.00001400001,0.,4300.6472474107,0.,0.,0.,0.,0.,0.,0.,0.,0.,0.,0.,0.,0.,0.,0.,0.,0.,0.,0.,0.,0.,0.,0.,0.,0.,0.,0.,84951.839728876,5501.0589538486,0.,0.,0.,800.02240062722,0.,100.0003500012
6.561,0.,300.00315003308,100.00035000123,36346.177818919,100.00035000123,0.,100.00035000123,20.00001400001,0.,4100.5884344403,0.,0.,0.,0.,0.,0.,0.,0.,0.,0.,0.,0.,0.,0.,0.,0.,0.,0.,0.,0.,0.,0.,0.,0.,0.,0.,0.,82537.749988843,7501.9692669326,0.,0.,100.00035000123,800.02240062722,0.,0
7.29,0.,500.00875015313,100.00035000123,35143.173388508,200.0014000098,0.,300.00315003308,0.,0.,2100.1543613456,0.,0.,0.,0.,0.,0.,0.,0.,0.,0.,0.,0.,0.,0.,0.,0.,0.,0.,0.,0.,0.,0.,0.,0.,0.,0.,0.,77308.617303794,6601.524952264,0.,0.,0.,1500.0787541346,0.,100.0003500012
8.019,0.,100.00035000123,100.00035000123,39755.239905849,100.00035000123,0.,0.,0.,40.000056000078,2700.255174114,0.,0.,0.,0.,0.,0.,0.,0.,0.,0.,0.,0.,0.,0.,0.,0.,0.,0.,0.,0.,0.,0.,0.,0.,0.,0.,0.,77107.534930265,6501.4790864922,0.,0.,0.,1600.0896050179,0.,0
8.748,0.,400.0056000784,300.00315003308,35644.412938521,200.0014000098,0.,200.0014000098,0.,0.,3400.4046481531,0.,0.,0.,0.,0.,0.,0.,0.,0.,0.,0.,0.,0.,0.,0.,0.,0.,0.,0.,0.,0.,0.,0.,0.,0.,0.,0.,79520.709729855,6601.524952264,0.,0.,0.,2000.1400098007,0.,0
9.477,0.,300.00315003308,100.00035000123,40356.923440513,300.00315003308,0.,400.0056000784,0.,0.,3800.5054672271,0.,0.,0.,0.,0.,0.,0.,0.,0.,0.,0.,0.,0.,0.,0.,0.,0.,0.,0.,0.,0.,0.,0.,0.,0.,0.,0.,74393.199138162,6101.3026281111,0.,0.,0.,1600.0896050179,0.,0
10.206,0.,300.00315003308,100.00035000123,42061.83089141,200.0014000098,0.,0.,0.,20.00001400001,2700.255174114,0.,0.,0.,0.,0.,0.,0.,50.000087500153,0.,0.,0.,0.,0.,0.,0.,0.,0.,0.,0.,0.,0.,0.,0.,0.,0.,0.,0.,86058.433475728,6601.524952264,0.,0.,0.,1700.1011560188,0.,0
10.935,0.,400.0056000784,100.00035000123,35844.913676837,0.,0.,300.00315003308,0.,40.000056000078,3300.3811940279,0.,0.,0.,0.,0.,0.,0.,0.,0.,0.,0.,0.,0.,0.,0.,0.,0.,0.,0.,0.,0.,0.,0.,0.,0.,0.,0.,86561.458886567,7602.0221378887,100.00035000123,0.,0.,1800.1134071446,0.,0
11.664,0.,300.00315003308,200.0014000098,39153.581676524,0.,0.,0.,0.,0.,3500.4288025283,0.,0.,0.,0.,0.,0.,0.,0.,0.,0.,0.,0.,0.,0.,0.,0.,0.,0.,0.,0.,0.,0.,0.,0.,0.,0.,0.,78515.170825648,5801.1776390607,100.00035000123,0.,0.,1400.0686033616,0.,0
12.393,0.,200.0014000098,100.00035000123,37649.546803594,200.0014000098,0.,0.,0.,0.,2400.2016169358,0.,0.,50.000087500153,0.,0.,0.,0.,0.,0.,0.,0.,0.,0.,0.,0.,0.,0.,0.,0.,0.,0.,0.,0.,0.,0.,0.,0.,86561.458886567,5901.2186016412,0.,100.00035000123,0.,1000.035001225,0.,0
13.122,0.,800.02240062722,200.0014000098,34240.986460794,500.00875015313,0.,100.00035000123,20.00001400001,0.,4000.560078411,0.,0.,0.,0.,0.,0.,0.,0.,0.,0.,0.,0.,0.,0.,0.,0.,0.,0.,0.,0.,0.,0.,0.,0.,0.,0.,0.,71377.873661164,5701.1373769067,0.,0.,0.,1200.0504021169,0.,0
13.851,0.,400.0056000784,100.00035000123,34541.709113755,300.00315003308,0.,100.00035000123,0.,0.,2300.1851649058,0.,0.,0.,0.,0.,0.,0.,0.,0.,0.,0.,0.,0.,0.,0.,0.,0.,0.,0.,0.,0.,0.,0.,0.,0.,0.,0.,85555.425723497,7301.8656266676,0.,0.,0.,1500.0787541346,0.,0
14.58,0.,400.0056000784,200.0014000098,34140.746981522,0.,0.,200.0014000098,20.00001400001,0.,3400.4046481531,0.,0.,0.,0.,0.,0.,0.,0.,0.,0.,0.,0.,0.,0.,0.,0.,0.,0.,0.,0.,0.,0.,100.00035000123,0.,0.,0.,0.,79319.596302363,5501.0589538486,100.00035000123,0.,0.,1400.0686033616,0.,0
15.309,0.,1100.0423516305,100.00035000123,35042.927586293,0.,0.,600.01260026461,0.,20.00001400001,3400.4046481531,0.,0.,0.,0.,0.,0.,0.,0.,0.,0.,0.,0.,0.,0.,0.,0.,0.,0.,0.,0.,0.,0.,0.,0.,0.,0.,0.,83342.401374397,5601.0978151718,0.,0.,0.,2100.1543613456,0.,0
16.038,0.,400.0056000784,200.0014000098,35844.913676837,500.00875015313,0.,300.00315003308,0.,20.00001400001,3000.3150330785,0.,0.,0.,0.,0.,0.,0.,0.,0.,0.,0.,0.,0.,0.,0.,0.,0.,0.,0.,0.,0.,0.,0.,0.,0.,0.,0.,87366.336276138,7401.917096528,0.,100.00035000123,0.,1200.0504021169,0.,0
16.767,100.00035000123,400.0056000784,200.0014000098,34341.226642584,200.0014000098,0.,200.0014000098,0.,0.,2600.2366215326,0.,0.,0.,0.,0.,0.,0.,0.,0.,0.,0.,0.,0.,0.,0.,0.,0.,0.,0.,0.,0.,0.,100.00035000123,0.,0.,0.,0.,78515.170825648,5901.2186016412,0.,0.,100.00035000123,2000.1400098007,0.,0
17.496,0.,300.00315003308,200.0014000098,33940.27013051,200.0014000098,0.,400.0056000784,0.,20.00001400001,3000.3150330785,0.,0.,0.,0.,0.,0.,0.,0.,0.,0.,0.,0.,0.,0.,0.,0.,0.,0.,0.,0.,0.,0.,0.,0.,0.,0.,0.,74895.815108601,6801.6187852709,100.00035000123,0.,0.,1600.0896050179,0.,0
18.225,0.,400.0056000784,100.00035000123,34541.709113755,200.0014000098,0.,100.00035000123,20.00001400001,20.00001400001,2900.2943798796,0.,0.,0.,0.,0.,0.,0.,0.,0.,0.,0.,0.,0.,0.,0.,0.,0.,0.,0.,0.,0.,50.000087500153,0.,0.,0.,0.,0.,85957.830512623,5601.0978151718,0.,0.,0.,1400.0686033616,0.,0
18.954,0.,200.0014000098,0.,37248.497543802,300.00315003308,0.,100.00035000123,0.,0.,3100.3363864979,0.,0.,0.,0.,0.,0.,0.,0.,0.,0.,0.,0.,0.,0.,0.,0.,0.,50.000087500153,0.,0.,0.,0.,0.,0.,0.,0.,0.,84650.05626621,6401.4339211983,0.,100.00035000123,0.,1000.035001225,0.,0
19.683,0.,800.02240062722,100.00035000123,37047.977130384,100.00035000123,0.,300.00315003308,0.,20.00001400001,2900.2943798796,0.,0.,0.,0.,0.,0.,0.,0.,0.,0.,0.,0.,0.,0.,0.,0.,0.,0.,0.,0.,0.,0.,0.,0.,0.,0.,0.,86259.641520978,7201.8148573441,0.,0.,0.,800.02240062722,0.,0
20.412,0.,300.00315003308,0.,37950.341127506,100.00035000123,0.,100.00035000123,0.,20.00001400001,2100.1543613456,0.,0.,0.,0.,0.,0.,0.,0.,0.,0.,0.,0.,0.,0.,0.,0.,0.,0.,0.,0.,0.,0.,0.,0.,0.,0.,0.,84448.870822313,8702.6499569119,0.,0.,100.00035000123,1200.0504021169,0.,0
21.141,0.,500.00875015313,0.,38050.607307719,0.,0.,400.0056000784,0.,0.,3500.4288025283,0.,0.,0.,0.,0.,0.,0.,0.,0.,0.,0.,0.,0.,0.,0.,0.,0.,0.,0.,0.,0.,0.,0.,0.,0.,0.,0.,81330.857639409,6901.6667525207,0.,0.,0.,1000.035001225,0.,0
21.87,0.,400.0056000784,0.,39955.798272287,300.00315003308,0.,0.,0.,0.,4800.806535498,0.,0.,0.,0.,0.,0.,0.,50.000087500153,0.,0.,0.,0.,0.,0.,0.,0.,0.,0.,0.,0.,0.,0.,0.,0.,0.,0.,0.,83543.571282073,8502.529502527,0.,0.,0.,800.02240062722,0.,0
22.599,0.,100.00035000123,200.0014000098,34341.226642584,200.0014000098,0.,100.00035000123,0.,0.,3300.3811940279,0.,0.,0.,0.,0.,0.,0.,0.,0.,0.,0.,0.,0.,0.,0.,0.,0.,0.,0.,0.,0.,0.,0.,0.,0.,0.,0.,77610.246156839,5000.8751531518,0.,0.,0.,1300.0591526914,100.00035000123,0
23.328,0.,300.00315003308,0.,35243.419893309,400.0056000784,0.,200.0014000098,0.,20.00001400001,2900.2943798796,0.,0.,0.,0.,0.,0.,0.,0.,0.,0.,0.,0.,0.,0.,0.,0.,0.,0.,0.,0.,0.,0.,0.,0.,0.,0.,0.,85253.629547905,6701.5715185211,0.,0.,0.,1200.0504021169,0.,0
24.057,0.,300.00315003308,100.00035000123,39053.307765099,600.01260026461,0.,200.0014000098,0.,0.,3500.4288025283,0.,0.,0.,0.,0.,0.,0.,0.,0.,0.,0.,0.,0.,0.,0.,0.,0.,0.,0.,0.,0.,0.,0.,0.,0.,0.,0.,82135.441242321,6601.524952264,0.,0.,0.,1100.0423516305,0.,0
24.786,0.,400.0056000784,300.00315003308,37850.075650085,100.00035000123,0.,200.0014000098,20.00001400001,0.,3100.3363864979,0.,0.,0.,0.,0.,0.,0.,0.,0.,0.,0.,0.,0.,0.,0.,0.,0.,0.,0.,0.,0.,0.,0.,0.,0.,0.,0.,81531.99930402,7101.76478855,0.,100.00035000123,0.,1300.0591526914,0.,0
25.515,0.,100.00035000123,200.0014000098,35544.163623302,100.00035000123,0.,400.0056000784,20.00001400001,0.,4200.6174907711,0.,0.,0.,0.,0.,0.,0.,0.,0.,0.,0.,0.,0.,0.,0.,0.,0.,0.,0.,0.,0.,0.,0.,0.,0.,0.,0.,75398.448717023,7001.715420278,0.,0.,0.,1000.035001225,0.,0
26.244,0.,100.00035000123,100.00035000123,36646.944736207,300.00315003308,0.,300.00315003308,20.00001400001,0.,3400.4046481531,0.,0.,0.,0.,0.,0.,0.,0.,0.,0.,0.,0.,0.,0.,0.,50.000087500153,0.,0.,0.,0.,0.,0.,0.,0.,0.,0.,0.,81230.2878661,7401.917096528,0.,0.,0.,1000.035001225,0.,0
26.973,100.00035000123,400.0056000784,100.00035000123,41760.950106681,100.00035000123,0.,200.0014000098,0.,0.,2700.255174114,0.,0.,0.,0.,0.,0.,0.,0.,0.,0.,0.,0.,0.,0.,0.,0.,0.,0.,0.,0.,0.,0.,0.,0.,0.,0.,0.,82537.749988843,6701.5715185211,0.,0.,0.,900.02835089305,0.,0
27.702,0.,300.00315003308,100.00035000123,34641.951403149,500.00875015313,0.,500.00875015313,20.00001400001,0.,3000.3150330785,0.,0.,0.,0.,0.,0.,0.,0.,0.,0.,0.,0.,0.,0.,0.,0.,0.,0.,0.,0.,0.,0.,0.,0.,0.,0.,0.,79520.709729855,6101.3026281111,0.,0.,0.,1500.0787541346,0.,0
28.431,0.,500.00875015313,100.00035000123,33238.623280252,100.00035000123,0.,0.,20.00001400001,0.,2700.255174114,0.,0.,0.,0.,0.,0.,0.,0.,0.,0.,0.,0.,0.,0.,0.,50.000087500153,0.,0.,0.,0.,0.,0.,0.,0.,0.,0.,0.,81029.150437437,8502.529502527,0.,0.,0.,1200.0504021169,0.,0
29.16,0.,300.00315003308,100.00035000123,36045.417225704,0.,0.,100.00035000123,20.00001400001,0.,2800.2744268938,0.,0.,0.,0.,0.,0.,0.,0.,0.,0.,0.,0.,0.,0.,0.,0.,0.,0.,0.,0.,0.,0.,0.,0.,0.,0.,0.,86058.433475728,6501.4790864922,0.,0.,0.,1100.0423516305,0.,0
29.889,0.,300.00315003308,100.00035000123,37449.020768186,200.0014000098,0.,200.0014000098,40.000056000078,0.,3500.4288025283,0.,0.,0.,0.,0.,0.,0.,0.,0.,0.,0.,0.,0.,0.,0.,0.,0.,0.,0.,0.,0.,0.,0.,0.,0.,0.,0.,78213.522917565,6901.6667525207,0.,0.,0.,1700.1011560188,0.,100.0003500012
30.618,0.,300.00315003308,100.00035000123,37449.020768186,100.00035000123,0.,100.00035000123,0.,0.,3400.4046481531,0.,0.,0.,0.,0.,500.00875015313,0.,0.,0.,0.,0.,0.,0.,0.,0.,0.,0.,0.,0.,0.,0.,0.,0.,0.,0.,0.,0.,82839.488962591,6901.6667525207,0.,0.,0.,1000.035001225,0.,0
31.347,0.,38351.410065192,13506.381765384,100451.93334849,100.00035000123,200.0014000098,200.0014000098,100.00035000123,120.00050400212,3700.479212058,0.,50.000087500153,0.,0.,0.,1100.0423516305,0.,0.,0.,0.,0.,0.,0.,0.,0.,50.000087500153,100.00035000123,0.,1700.1011560188,100.00035000123,0.,0.,0.,0.,100.00035000123,0.,0.,124338.75984641,7301.8656266676,0.,100.00035000123,100.00035000123,1700.1011560188,0.,0
32.076,0.,70473.399800208,23218.853709212,171422.36297277,0.,1200.0504021169,900.02835089305,140.00068600336,140.00068600336,3900.5324226757,0.,50.000087500153,200.0014000098,0.,0.,600.01260026461,0.,0.,100.00035000123,0.,0.,0.,0.,0.,0.,400.0056000784,100.00035000123,0.,1500.0787541346,200.0014000098,0.,0.,100.00035000123,0.,0.,0.,0.,341944.00072457,6901.6667525207,0.,100.00035000123,0.,2300.1851649058,0.,100.0003500012
32.805,300.00315003308,42663.611444664,44168.173575914,133823.88696101,100.00035000123,1000.035001225,300.00315003308,160.00089600502,80.000224000627,3500.4288025283,100.00035000123,700.01715042019,100.00035000123,0.,0.,500.00875015313,0.,200.0014000098,0.,0.,0.,0.,0.,0.,0.,200.0014000098,50.000087500153,0.,1100.0423516305,100.00035000123,0.,50.000087500153,100.00035000123,0.,0.,0.,0.,477550.69464461,7101.76478855,100.00035000123,100.00035000123,0.,1700.1011560188,0.,100.0003500012
33.534,200.0014000098,27025.539134482,45070.986804217,117682.73457724,100.00035000123,1700.1011560188,300.00315003308,120.00050400212,0.,4100.5884344403,0.,50.000087500153,100.00035000123,0.,0.,0.,100.00035000123,0.,0.,0.,0.,0.,0.,0.,0.,350.00428755252,150.00078750413,50.000087500153,6401.4339211983,0.,0.,0.,0.,0.,0.,0.,0.,565370.44817642,6001.2602646556,0.,0.,0.,2300.1851649058,0.,0
34.263,100.00035000123,16609.65020677,42663.611444664,108812.8358994,0.,2100.1543613456,500.00875015313,20.00001400001,0.,4800.806535498,0.,0.,50.000087500153,0.,0.,300.00315003308,0.,50.000087500153,0.,0.,0.,0.,0.,0.,0.,150.00078750413,150.00078750413,0.,6901.6667525207,0.,0.,0.,100.00035000123,0.,0.,0.,0.,537422.15656559,6501.4790864922,0.,200.0014000098,0.,2000.1400098007,0.,0
34.992,200.0014000098,12605.559051542,46475.476173305,102365.44463736,100.00035000123,2000.1400098007,200.0014000098,0.,20.00001400001,3900.5324226757,0.,50.000087500153,0.,0.,0.,100.00035000123,0.,50.000087500153,0.,0.,0.,0.,0.,0.,0.,550.01058770381,100.00035000123,0.,500.00875015313,100.00035000123,0.,0.,0.,0.,0.,0.,0.,532544.49924723,5401.0207929299,0.,0.,0.,1400.0686033616,0.,0
35.721,0.,9102.8992734186,36546.688394424,89479.354544889,300.00315003308,1700.1011560188,300.00315003308,20.00001400001,20.00001400001,4400.6777043665,0.,1100.0423516305,0.,0.,0.,100.00035000123,0.,0.,0.,0.,0.,0.,0.,0.,0.,50.000087500153,0.,0.,900.02835089305,100.00035000123,0.,0.,0.,0.,0.,0.,0.,515537.38460473,7501.9692669326,0.,0.,0.,1900.1263584028,0.,0
36.45,100.00035000123,8602.5893794032,31534.767080706,74594.243409839,0.,1500.0787541346,300.00315003308,20.00001400001,0.,4000.560078411,0.,0.,0.,0.,0.,0.,0.,0.,0.,0.,0.,0.,0.,0.,0.,150.00078750413,100.00035000123,0.,200.0014000098,0.,0.,50.000087500153,0.,0.,0.,0.,0.,498964.22190477,7802.1299814849,0.,0.,0.,1400.0686033616,0.,0
37.179,200.0014000098,4700.7732772041,17710.971947121,62335.704829414,300.00315003308,1000.035001225,700.01715042019,0.,40.000056000078,3900.5324226757,0.,0.,0.,0.,0.,0.,0.,0.,0.,0.,0.,0.,0.,0.,0.,300.00315003308,50.000087500153,0.,100.00035000123,0.,0.,0.,0.,0.,0.,0.,0.,464635.09072173,8302.4118506426,0.,0.,0.,800.02240062722,0.,0
37.908,200.0014000098,3900.5324226757,18912.510625779,54604.157430298,0.,1400.0686033616,100.00035000123,0.,20.00001400001,3800.5054672271,0.,50.000087500153,50.000087500153,0.,0.,0.,0.,0.,0.,0.,0.,0.,0.,0.,0.,250.00218751914,0.,0.,300.00315003308,0.,0.,0.,0.,0.,0.,0.,0.,489753.57207337,6301.3894563751,0.,0.,0.,600.01260026461,0.,0
38.637,0.,3800.5054672271,20414.576007269,63741.889445907,200.0014000098,500.00875015313,500.00875015313,0.,20.00001400001,4200.6174907711,0.,0.,0.,0.,0.,0.,0.,0.,0.,0.,0.,0.,0.,0.,0.,150.00078750413,0.,0.,200.0014000098,0.,0.,0.,0.,0.,0.,0.,0.,456994.4638443,7501.9692669326,0.,0.,0.,1500.0787541346,0.,0
39.366,200.0014000098,13406.28754886,30933.454531075,99142.835926634,0.,1300.0591526914,800.02240062722,0.,0.,4800.806535498,0.,50.000087500153,0.,0.,0.,1400.0686033616,0.,0.,0.,0.,0.,0.,0.,0.,0.,550.01058770381,0.,0.,300.00315003308,0.,0.,0.,0.,0.,0.,0.,0.,472176.40795228,7201.8148573441,0.,0.,0.,5701.1373769067,0.,0
40.095,0.,98639.368748178,46575.802117947,170612.7573275,0.,600.01260026461,1800.1134071446,20.00001400001,60.000126000265,4100.5884344403,100.00035000123,0.,0.,0.,0.,3000.3150330785,0.,0.,0.,0.,0.,0.,0.,0.,0.,950.03158855032,400.0056000784,0.,300.00315003308,300.00315003308,0.,0.,0.,0.,0.,0.,0.,468043.69424194,5601.0978151718,100.00035000123,0.,0.,18712.24716577,0.,100.0003500012
40.824,0.,214701.35001912,49585.907584891,241931.37680535,200.0014000098,900.02835089305,1900.1263584028,0.,120.00050400212,4000.560078411,200.0014000098,0.,150.00078750413,0.,0.,4600.7407192558,0.,50.000087500153,0.,0.,0.,0.,0.,0.,0.,1150.0462893631,500.00875015313,0.,1000.035001225,100.00035000123,0.,0.,0.,0.,0.,0.,0.,458542.91460769,8802.7112350604,0.,0.,0.,31935.656160103,0.,0
41.553,400.0056000784,254242.41812789,51693.358204918,242134.77962054,0.,400.0056000784,2100.1543613456,20.00001400001,300.00315003308,3500.4288025283,200.0014000098,0.,0.,0.,0.,5000.8751531518,0.,0.,0.,0.,0.,0.,0.,0.,0.,1300.0591526914,750.01968801681,0.,600.01260026461,200.0014000098,0.,0.,0.,0.,0.,0.,0.,451215.04023046,8402.4703262759,100.00035000123,0.,0.,31234.107645549,0.,0
42.282,100.00035000123,232984.49508852,44970.671410121,242948.41959986,300.00315003308,1100.0423516305,2200.1694130448,40.000056000078,280.00274402689,4900.8404941447,200.0014000098,0.,100.00035000123,0.,0.,4800.806535498,0.,0.,0.,0.,0.,0.,0.,0.,0.,1450.0735912348,650.01478783642,0.,500.00875015313,600.01260026461,0.,0.,0.,0.,0.,0.,0.,453691.65424754,6101.3026281111,100.00035000123,0.,0.,33238.623280252,0.,0
43.011,300.00315003308,170511.55982868,35644.412938521,207090.22123199,100.00035000123,800.02240062722,2600.2366215326,40.000056000078,580.01177423902,4100.5884344403,200.0014000098,200.0014000098,50.000087500153,0.,0.,5300.9833324082,0.,0.,0.,0.,0.,0.,0.,0.,0.,850.02528825233,500.00875015313,0.,800.02240062722,700.01715042019,0.,0.,0.,0.,0.,0.,0.,421322.66090832,6801.6187852709,0.,0.,0.,26224.047451513,0.,0
43.74,200.0014000098,109115.1285064,33940.27013051,159283.0653141,300.00315003308,1000.035001225,1400.0686033616,60.000126000265,1260.0555684506,4000.560078411,0.,0.,200.0014000098,0.,0.,3900.5324226757,0.,50.000087500153,0.,0.,0.,0.,0.,0.,0.,650.01478783642,400.0056000784,0.,400.0056000784,100.00035000123,0.,0.,0.,0.,0.,0.,0.,435024.27658813,7201.8148573441,0.,100.00035000123,0.,21015.44635307,100.00035000123,0
44.469,200.0014000098,65550.044050832,27225.919074959,134631.42136621,100.00035000123,1100.0423516305,2100.1543613456,140.00068600336,1740.1059724537,3300.3811940279,100.00035000123,0.,150.00078750413,0.,0.,3300.3811940279,0.,50.000087500153,0.,0.,0.,0.,0.,0.,0.,650.01478783642,300.00315003308,0.,500.00875015313,300.00315003308,0.,0.,0.,0.,0.,0.,0.,431211.24884787,7501.9692669326,0.,0.,0.,15408.305076436,0.,0
45.198,100.00035000123,46676.128766017,18511.986511266,103171.21001363,200.0014000098,700.01715042019,1200.0504021169,80.000224000627,1440.072579658,4900.8404941447,0.,50.000087500153,100.00035000123,0.,0.,2100.1543613456,0.,0.,0.,0.,0.,0.,0.,0.,0.,250.00218751914,250.00218751914,0.,100.00035000123,200.0014000098,0.,0.,0.,0.,0.,0.,0.,364491.31484748,6601.524952264,0.,0.,0.,11004.236631103,0.,0
45.927,100.00035000123,41159.207520018,17010.121022008,110122.81655416,200.0014000098,1300.0591526914,1600.0896050179,180.00113400714,980.033615153,3900.5324226757,0.,50.000087500153,0.,0.,0.,1400.0686033616,0.,0.,0.,0.,0.,0.,0.,0.,0.,350.00428755252,200.0014000098,0.,200.0014000098,100.00035000123,0.,0.,0.,0.,0.,0.,0.,419366.34384692,5801.1776390607,0.,0.,0.,9503.1598006337,0.,0
46.656,100.00035000123,34541.709113755,14807.670373253,88573.737134615,200.0014000098,1200.0504021169,1000.035001225,20.00001400001,480.00806413548,3900.5324226757,100.00035000123,50.000087500153,0.,0.,0.,500.00875015313,0.,0.,0.,0.,0.,0.,0.,0.,0.,300.00315003308,100.00035000123,0.,300.00315003308,0.,0.,0.,0.,0.,0.,0.,0.,397041.85567387,8202.3540756197,0.,100.00035000123,0.,9102.8992734186,0.,0
47.385,0.,24320.684742373,11004.236631103,75297.920584256,500.00875015313,500.00875015313,400.0056000784,0.,340.00404604815,4200.6174907711,0.,50.000087500153,100.00035000123,0.,0.,200.0014000098,0.,0.,0.,0.,0.,0.,0.,0.,0.,150.00078750413,50.000087500153,0.,200.0014000098,100.00035000123,0.,0.,0.,0.,0.,0.,0.,376291.41206544,7501.9692669326,0.,0.,0.,7201.8148573441,0.,0
48.114,200.0014000098,19313.045962548,11104.314025999,69769.959621638,100.00035000123,900.02835089305,500.00875015313,60.000126000265,20.00001400001,2200.1694130448,0.,0.,0.,0.,0.,300.00315003308,0.,0.,0.,0.,0.,0.,0.,0.,0.,200.0014000098,100.00035000123,0.,400.0056000784,0.,0.,0.,0.,0.,0.,0.,0.,363978.48536744,7501.9692669326,0.,0.,100.00035000123,5501.0589538486,0.,0
48.843,100.00035000123,12405.383936628,20915.299541615,72784.946549181,200.0014000098,900.02835089305,300.00315003308,20.00001400001,120.00050400212,3500.4288025283,0.,0.,0.,0.,0.,300.00315003308,0.,50.000087500153,0.,0.,0.,0.,0.,0.,0.,300.00315003308,50.000087500153,0.,400.0056000784,100.00035000123,0.,0.,0.,0.,0.,0.,0.,347884.88117813,6601.524952264,0.,0.,0.,3600.4536571608,0.,0
49.572,200.0014000098,13206.101218763,29129.668567436,85253.629547905,100.00035000123,300.00315003308,600.01260026461,20.00001400001,0.,3600.4536571608,0.,50.000087500153,50.000087500153,0.,0.,100.00035000123,0.,50.000087500153,0.,0.,0.,0.,0.,0.,0.,50.000087500153,150.00078750413,0.,100.00035000123,0.,0.,0.,0.,0.,0.,0.,0.,360286.64964807,9002.8358933064,0.,0.,0.,3000.3150330785,0.,0
50.301,100.00035000123,12105.126521082,35945.165099948,90686.933457459,300.00315003308,800.02240062722,400.0056000784,0.,40.000056000078,3500.4288025283,0.,0.,0.,0.,0.,300.00315003308,0.,0.,0.,0.,0.,0.,0.,0.,0.,300.00315003308,50.000087500153,0.,400.0056000784,100.00035000123,0.,0.,0.,0.,0.,0.,0.,363875.92165274,8302.4118506426,0.,0.,100.00035000123,2800.2744268938,0.,0
51.03,100.00035000123,11204.392121712,32737.468032163,86159.037145177,0.,500.00875015313,500.00875015313,0.,60.000126000265,3100.3363864979,0.,0.,0.,0.,0.,0.,0.,0.,0.,0.,0.,0.,0.,0.,0.,350.00428755252,50.000087500153,0.,300.00315003308,0.,0.,0.,0.,0.,0.,0.,0.,361209.52025563,7802.1299814849,0.,100.00035000123,0.,1800.1134071446,0.,0
51.759,100.00035000123,8202.3540756197,32035.880185808,73287.506084317,100.00035000123,600.01260026461,500.00875015313,40.000056000078,0.,2600.2366215326,0.,0.,0.,0.,0.,100.00035000123,0.,0.,0.,0.,0.,0.,0.,0.,0.,250.00218751914,100.00035000123,0.,200.0014000098,0.,0.,0.,0.,0.,0.,0.,0.,354443.16937595,7501.9692669326,0.,0.,0.,2400.2016169358,0.,0
52.488,0.,7602.0221378887,29730.905276034,74996.340419218,100.00035000123,1400.0686033616,100.00035000123,0.,60.000126000265,5300.9833324082,0.,150.00078750413,50.000087500153,0.,0.,0.,0.,0.,0.,0.,0.,0.,0.,0.,0.,350.00428755252,0.,0.,400.0056000784,0.,0.,0.,0.,0.,0.,0.,0.,343992.30444989,7602.0221378887,0.,0.,0.,2400.2016169358,0.,100.0003500012
53.217,100.00035000123,8202.3540756197,28328.058942382,76202.699179818,400.0056000784,900.02835089305,300.00315003308,0.,40.000056000078,3200.3584401453,100.00035000123,0.,0.,0.,0.,0.,0.,0.,0.,0.,0.,0.,0.,0.,0.,150.00078750413,50.000087500153,0.,500.00875015313,0.,0.,0.,0.,0.,0.,0.,0.,355980.69847544,6201.3456920152,0.,0.,0.,1200.0504021169,0.,0
53.946,300.00315003308,7001.715420278,26825.162001958,76705.378651339,100.00035000123,700.01715042019,300.00315003308,0.,0.,2800.2744268938,0.,0.,0.,0.,0.,0.,0.,0.,0.,0.,0.,0.,0.,0.,0.,250.00218751914,0.,0.,400.0056000784,100.00035000123,0.,0.,0.,0.,0.,0.,0.,328739.41079783,7201.8148573441,100.00035000123,0.,0.,2200.1694130448,0.,0
54.675,100.00035000123,5601.0978151718,27125.728753723,77107.534930265,100.00035000123,400.0056000784,100.00035000123,0.,20.00001400001,3900.5324226757,0.,0.,0.,0.,0.,0.,0.,0.,0.,0.,0.,0.,0.,0.,0.,50.000087500153,50.000087500153,0.,200.0014000098,0.,0.,0.,0.,0.,0.,0.,0.,330274.20851784,5701.1373769067,0.,0.,0.,800.02240062722,0.,100.0003500012
55.404,0.,5000.8751531518,29330.077994984,75800.568303732,200.0014000098,300.00315003308,700.01715042019,20.00001400001,0.,4500.7088616457,0.,0.,0.,0.,0.,0.,0.,0.,0.,0.,0.,0.,0.,0.,0.,400.0056000784,50.000087500153,0.,200.0014000098,0.,0.,0.,0.,0.,0.,0.,0.,328534.78341789,8402.4703262759,0.,0.,0.,1800.1134071446,0.,0
56.133,100.00035000123,4600.7407192558,27526.494250716,74393.199138162,100.00035000123,600.01260026461,100.00035000123,0.,0.,5401.0207929299,0.,0.,0.,0.,0.,0.,0.,0.,0.,0.,0.,0.,0.,0.,0.,200.0014000098,0.,0.,100.00035000123,100.00035000123,0.,0.,0.,0.,0.,0.,0.,270028.1384462,7702.0757094037,0.,0.,0.,1800.1134071446,0.,0
56.862,0.,4200.6174907711,24821.545101148,70674.389054993,100.00035000123,500.00875015313,700.01715042019,0.,0.,4400.6777043665,0.,0.,50.000087500153,0.,0.,200.0014000098,0.,0.,0.,0.,0.,0.,0.,0.,0.,200.0014000098,100.00035000123,0.,400.0056000784,0.,0.,50.000087500153,0.,0.,0.,0.,0.,303285.55987818,8602.5893794032,0.,0.,0.,1200.0504021169,0.,0
57.591,400.0056000784,3800.5054672271,24020.176948637,62134.832586713,200.0014000098,600.01260026461,400.0056000784,0.,20.00001400001,4600.7407192558,0.,0.,50.000087500153,0.,0.,100.00035000123,0.,0.,0.,0.,0.,0.,0.,0.,0.,150.00078750413,0.,0.,400.0056000784,0.,0.,0.,0.,0.,0.,0.,0.,279711.80595877,8402.4703262759,0.,0.,0.,1600.0896050179,0.,0
58.32,100.00035000123,4500.7088616457,21115.59386607,66152.812998025,100.00035000123,400.0056000784,500.00875015313,0.,0.,2700.255174114,0.,0.,0.,0.,0.,100.00035000123,0.,0.,0.,0.,0.,0.,0.,0.,0.,50.000087500153,0.,0.,400.0056000784,0.,0.,0.,0.,0.,0.,0.,0.,276653.10326027,5300.9833324082,0.,0.,0.,1500.0787541346,0.,0
59.049,0.,5100.9105125265,17210.360637104,68061.748745895,200.0014000098,500.00875015313,200.0014000098,0.,20.00001400001,3800.5054672271,0.,0.,0.,0.,0.,0.,0.,0.,0.,0.,0.,0.,0.,0.,0.,100.00035000123,0.,0.,200.0014000098,0.,0.,0.,0.,0.,0.,0.,0.,271250.9798399,5701.1373769067,0.,0.,0.,1200.0504021169,0.,0
59.778,0.,3700.479212058,16910.002266341,61230.942370259,200.0014000098,800.02240062722,200.0014000098,0.,0.,3600.4536571608,0.,0.,0.,0.,0.,0.,0.,0.,0.,0.,0.,0.,0.,0.,0.,350.00428755252,150.00078750413,0.,200.0014000098,0.,0.,50.000087500153,0.,0.,0.,0.,0.,267480.88521033,7201.8148573441,0.,0.,0.,1700.1011560188,0.,0
60.507,0.,2600.2366215326,20514.719311106,62134.832586713,0.,600.01260026461,200.0014000098,0.,20.00001400001,3900.5324226757,0.,0.,0.,0.,0.,0.,0.,0.,0.,0.,0.,0.,0.,0.,0.,250.00218751914,50.000087500153,0.,300.00315003308,100.00035000123,0.,0.,100.00035000123,0.,0.,0.,0.,264221.05755033,7101.76478855,0.,0.,0.,1500.0787541346,0.,0
61.236,100.00035000123,3300.3811940279,22317.418745331,65550.044050832,400.0056000784,600.01260026461,100.00035000123,0.,0.,3000.3150330785,0.,0.,0.,0.,0.,0.,0.,50.000087500153,0.,0.,0.,0.,0.,0.,0.,250.00218751914,50.000087500153,0.,0.,0.,0.,0.,0.,0.,0.,0.,0.,248848.68396167,6601.524952264,0.,0.,0.,1000.035001225,0.,0
61.965,0.,3700.479212058,20314.433404934,65650.503779915,600.01260026461,400.0056000784,400.0056000784,20.00001400001,60.000126000265,3700.479212058,0.,0.,0.,0.,0.,100.00035000123,0.,0.,0.,0.,0.,0.,0.,0.,0.,350.00428755252,50.000087500153,0.,300.00315003308,100.00035000123,0.,50.000087500153,0.,0.,0.,0.,0.,246915.57262626,6701.5715185211,0.,0.,0.,1300.0591526914,0.,0
62.694,100.00035000123,1900.1263584028,16008.965020411,63340.108319603,300.00315003308,800.02240062722,200.0014000098,20.00001400001,20.00001400001,4400.6777043665,0.,0.,0.,0.,0.,0.,0.,0.,0.,0.,0.,0.,0.,0.,0.,100.00035000123,50.000087500153,0.,300.00315003308,0.,0.,0.,0.,0.,0.,0.,0.,245084.44318933,7602.0221378887,0.,0.,0.,1400.0686033616,0.,0
63.423,100.00035000123,2300.1851649058,13406.28754886,63038.779873892,100.00035000123,400.0056000784,200.0014000098,0.,20.00001400001,2800.2744268938,0.,0.,50.000087500153,0.,0.,0.,0.,50.000087500153,0.,0.,0.,0.,0.,0.,0.,200.0014000098,0.,0.,300.00315003308,100.00035000123,0.,0.,0.,0.,0.,0.,0.,237965.59582149,6001.2602646556,0.,0.,0.,900.02835089305,0.,0
64.152,0.,1300.0591526914,14207.060909272,61632.664309927,200.0014000098,400.0056000784,400.0056000784,0.,0.,4000.560078411,0.,0.,0.,0.,0.,0.,0.,0.,0.,0.,0.,0.,0.,0.,0.,0.,0.,0.,200.0014000098,0.,0.,0.,0.,0.,0.,0.,0.,221402.47432633,7201.8148573441,0.,0.,0.,900.02835089305,0.,0
64.881,100.00035000123,2800.2744268938,16309.304458193,55909.190649338,400.0056000784,400.0056000784,300.00315003308,0.,0.,2700.255174114,0.,0.,50.000087500153,0.,0.,0.,0.,0.,0.,0.,0.,0.,0.,0.,0.,400.0056000784,100.00035000123,0.,0.,0.,0.,0.,0.,0.,0.,0.,0.,200902.80382773,6301.3894563751,0.,0.,0.,1400.0686033616,0.,0
65.61,100.00035000123,1900.1263584028,12605.559051542,52195.177906913,100.00035000123,400.0056000784,200.0014000098,0.,0.,3500.4288025283,100.00035000123,50.000087500153,0.,0.,0.,0.,0.,0.,0.,0.,0.,0.,0.,0.,0.,250.00218751914,0.,0.,400.0056000784,0.,0.,0.,0.,0.,0.,0.,0.,204858.38685603,6901.6667525207,0.,0.,0.,1300.0591526914,0.,0
66.339,0.,1600.0896050179,13306.194033323,53600.366686621,200.0014000098,200.0014000098,300.00315003308,0.,0.,2800.2744268938,0.,0.,0.,0.,0.,0.,0.,0.,0.,0.,0.,0.,0.,0.,0.,150.00078750413,0.,0.,400.0056000784,0.,0.,0.,0.,0.,0.,0.,0.,216833.18756877,8102.2970011998,0.,0.,0.,1600.0896050179,0.,0
67.068,100.00035000123,2200.1694130448,15408.305076436,50689.771585478,100.00035000123,200.0014000098,100.00035000123,20.00001400001,0.,3000.3150330785,0.,50.000087500153,0.,0.,0.,0.,0.,0.,0.,0.,0.,0.,0.,0.,0.,100.00035000123,100.00035000123,0.,200.0014000098,0.,0.,0.,0.,0.,0.,0.,0.,203235.45199746,9202.9633542001,100.00035000123,0.,0.,800.02240062722,0.,0
67.797,0.,1500.0787541346,8602.5893794032,52897.755051335,100.00035000123,400.0056000784,400.0056000784,0.,0.,4400.6777043665,0.,0.,0.,0.,0.,0.,0.,0.,0.,0.,0.,0.,0.,0.,0.,50.000087500153,50.000087500153,0.,0.,0.,0.,0.,0.,0.,0.,0.,0.,173649.01369171,6901.6667525207,0.,0.,0.,1200.0504021169,0.,0
68.526,200.0014000098,2000.1400098007,10804.083943731,56411.158187208,100.00035000123,300.00315003308,400.0056000784,0.,60.000126000265,2300.1851649058,0.,0.,0.,0.,16.666676388895,0.,0.,0.,0.,0.,0.,0.,0.,0.,0.,0.,0.,0.,300.00315003308,100.00035000123,0.,0.,0.,0.,0.,0.,0.,227497.11344768,6901.6667525207,100.00035000123,0.,0.,2500.2187691423,0.,0
69.255,0.,1700.1011560188,11804.875413546,51191.556098081,0.,200.0014000098,300.00315003308,0.,60.000126000265,4300.6472474107,0.,0.,0.,0.,0.,0.,0.,50.000087500153,0.,0.,0.,0.,0.,0.,0.,150.00078750413,0.,0.,200.0014000098,0.,0.,0.,0.,0.,0.,0.,0.,179318.40891641,6201.3456920152,0.,100.00035000123,0.,1900.1263584028,0.,100.0003500012
69.984,0.,1700.1011560188,8302.4118506426,48983.835835032,100.00035000123,500.00875015313,300.00315003308,20.00001400001,20.00001400001,5200.9465722762,0.,0.,0.,0.,0.,0.,0.,0.,0.,0.,0.,0.,0.,0.,0.,100.00035000123,0.,0.,200.0014000098,0.,0.,0.,0.,0.,0.,0.,0.,152206.54246854,7301.8656266676,0.,0.,0.,1700.1011560188,0.,0
70.713,0.,800.02240062722,4100.5884344403,53499.991484084,200.0014000098,600.01260026461,500.00875015313,20.00001400001,0.,3700.479212058,0.,0.,0.,0.,0.,0.,0.,50.000087500153,0.,0.,0.,0.,0.,0.,0.,150.00078750413,0.,0.,0.,200.0014000098,0.,0.,0.,0.,0.,0.,0.,140285.43463362,7501.9692669326,100.00035000123,100.00035000123,0.,1200.0504021169,0.,0
71.442,0.,1400.0686033616,6801.6187852709,46375.150932085,300.00315003308,0.,300.00315003308,20.00001400001,0.,3800.5054672271,0.,0.,0.,0.,0.,0.,0.,0.,0.,0.,0.,0.,0.,0.,0.,50.000087500153,0.,0.,100.00035000123,0.,0.,0.,0.,0.,0.,0.,0.,166868.92440958,6801.6187852709,0.,0.,0.,1200.0504021169,0.,0
72.171,0.,1400.0686033616,4500.7088616457,44669.729447668,100.00035000123,200.0014000098,200.0014000098,0.,20.00001400001,4100.5884344403,0.,50.000087500153,0.,0.,0.,0.,0.,0.,0.,0.,0.,0.,0.,0.,0.,50.000087500153,50.000087500153,0.,0.,0.,0.,0.,0.,0.,0.,0.,0.,149983.21233481,7902.1849541398,0.,0.,0.,800.02240062722,0.,100.0003500012
72.9,0.,1200.0504021169,3900.5324226757,42964.511213587,300.00315003308,200.0014000098,600.01260026461,0.,40.000056000078,4100.5884344403,0.,0.,0.,0.,0.,0.,0.,0.,0.,0.,0.,0.,0.,0.,0.,0.,0.,0.,0.,0.,0.,0.,0.,0.,0.,0.,0.,131199.7138922,7201.8148573441,0.,100.00035000123,100.00035000123,1300.0591526914,0.,0
73.629,100.00035000123,1500.0787541346,3100.3363864979,41660.657917929,0.,300.00315003308,200.0014000098,0.,0.,3400.4046481531,0.,0.,0.,0.,0.,0.,0.,0.,0.,0.,0.,0.,0.,0.,0.,100.00035000123,0.,0.,0.,0.,0.,0.,0.,0.,0.,0.,0.,148568.54508372,7001.715420278,0.,0.,0.,900.02835089305,0.,0
74.358,0.,600.01260026461,1800.1134071446,38451.679056652,0.,0.,200.0014000098,0.,40.000056000078,3500.4288025283,0.,0.,0.,0.,0.,0.,0.,0.,0.,0.,0.,0.,0.,0.,0.,0.,0.,0.,0.,0.,0.,0.,0.,0.,0.,0.,0.,123430.93818058,6101.3026281111,0.,0.,0.,1300.0591526914,0.,0
75.087,0.,600.01260026461,1300.0591526914,41259.496193511,100.00035000123,100.00035000123,200.0014000098,0.,0.,3800.5054672271,100.00035000123,0.,0.,0.,0.,0.,0.,50.000087500153,0.,0.,0.,0.,0.,0.,0.,0.,0.,0.,0.,0.,0.,0.,0.,0.,0.,0.,0.,129080.53972742,7702.0757094037,0.,0.,0.,1000.035001225,0.,0
75.816,0.,1000.035001225,2100.1543613456,48080.775703181,400.0056000784,0.,200.0014000098,0.,0.,3600.4536571608,0.,0.,0.,0.,0.,0.,0.,50.000087500153,0.,0.,0.,0.,0.,0.,0.,0.,0.,0.,0.,0.,0.,0.,0.,0.,0.,0.,0.,137559.11449711,7301.8656266676,100.00035000123,0.,0.,900.02835089305,0.,0
76.545,0.,400.0056000784,900.02835089305,37850.075650085,200.0014000098,0.,300.00315003308,0.,0.,3500.4288025283,0.,0.,0.,0.,0.,0.,0.,0.,0.,0.,0.,0.,0.,0.,0.,0.,0.,0.,0.,0.,0.,0.,0.,0.,0.,0.,0.,109115.1285064,6201.3456920152,0.,0.,0.,1200.0504021169,0.,0
77.274,0.,700.01715042019,1100.0423516305,37549.283434508,0.,0.,100.00035000123,0.,0.,4300.6472474107,0.,0.,0.,0.,0.,0.,0.,0.,0.,0.,0.,0.,0.,0.,0.,50.000087500153,0.,0.,100.00035000123,0.,0.,0.,0.,0.,0.,0.,0.,129181.44568704,6501.4790864922,0.,100.00035000123,100.00035000123,1100.0423516305,0.,0
78.003,200.0014000098,400.0056000784,1000.035001225,38050.607307719,100.00035000123,100.00035000123,100.00035000123,0.,0.,3800.5054672271,0.,0.,0.,0.,0.,0.,0.,0.,0.,0.,0.,0.,0.,0.,0.,0.,0.,0.,100.00035000123,0.,0.,0.,0.,0.,0.,0.,0.,109618.96367918,5801.1776390607,0.,0.,0.,1300.0591526914,0.,0
78.732,0.,500.00875015313,500.00875015313,39253.856290831,0.,0.,400.0056000784,0.,20.00001400001,3900.5324226757,0.,0.,0.,0.,0.,0.,0.,0.,0.,0.,0.,0.,0.,0.,0.,0.,0.,0.,0.,0.,0.,0.,0.,0.,0.,0.,0.,119800.22584301,7802.1299814849,0.,0.,0.,900.02835089305,0.,0
79.461,0.,100.00035000123,700.01715042019,40557.490242419,400.0056000784,0.,200.0014000098,0.,0.,2700.255174114,0.,0.,0.,0.,0.,0.,0.,0.,0.,0.,0.,0.,0.,0.,0.,0.,0.,0.,0.,0.,0.,0.,0.,0.,0.,0.,0.,117178.61605729,8302.4118506426,0.,100.00035000123,100.00035000123,1700.1011560188,0.,0
80.19,0.,400.0056000784,1200.0504021169,38351.410065192,100.00035000123,100.00035000123,400.0056000784,0.,0.,3600.4536571608,0.,0.,0.,0.,0.,0.,0.,0.,0.,0.,0.,0.,0.,0.,0.,0.,0.,0.,0.,0.,0.,0.,0.,0.,0.,0.,0.,112239.19195813,8502.529502527,100.00035000123,0.,100.00035000123,1500.0787541346,0.,100.0003500012
80.919,100.00035000123,1100.0423516305,1700.1011560188,37248.497543802,200.0014000098,100.00035000123,300.00315003308,0.,0.,3000.3150330785,0.,0.,0.,0.,0.,0.,0.,0.,0.,0.,0.,0.,0.,0.,0.,0.,0.,0.,0.,0.,0.,0.,0.,0.,0.,0.,0.,122624.03380848,6401.4339211983,0.,0.,100.00035000123,1200.0504021169,0.,0
81.648,0.,700.01715042019,500.00875015313,39955.798272287,100.00035000123,100.00035000123,400.0056000784,0.,40.000056000078,4200.6174907711,0.,0.,0.,0.,0.,0.,0.,0.,0.,0.,0.,0.,0.,0.,0.,0.,0.,0.,0.,0.,0.,0.,0.,0.,0.,0.,0.,117682.73457724,6901.6667525207,0.,0.,0.,1100.0423516305,0.,0
82.377,0.,900.02835089305,1200.0504021169,40256.641094019,0.,0.,300.00315003308,0.,0.,3300.3811940279,0.,0.,0.,0.,0.,0.,0.,0.,0.,0.,0.,0.,0.,0.,0.,0.,0.,0.,0.,0.,0.,0.,0.,0.,0.,0.,0.,111634.48140162,5200.9465722762,0.,0.,0.,1600.0896050179,0.,0
83.106,0.,500.00875015313,1300.0591526914,37449.020768186,200.0014000098,0.,200.0014000098,0.,0.,3000.3150330785,100.00035000123,0.,0.,0.,0.,0.,0.,0.,0.,0.,0.,0.,0.,0.,0.,50.000087500153,0.,0.,100.00035000123,0.,0.,0.,0.,0.,0.,0.,0.,109215.89412483,6601.524952264,0.,0.,0.,1400.0686033616,0.,0
83.835,0.,1100.0423516305,1800.1134071446,40457.206489977,300.00315003308,0.,200.0014000098,0.,0.,3100.3363864979,0.,0.,0.,0.,0.,0.,100.00035000123,0.,0.,0.,0.,0.,0.,0.,0.,50.000087500153,0.,0.,0.,0.,0.,0.,0.,0.,0.,0.,0.,122523.17395278,7501.9692669326,0.,0.,0.,1000.035001225,0.,0
84.564,0.,2200.1694130448,3200.3584401453,39654.961777023,0.,0.,300.00315003308,0.,0.,3900.5324226757,0.,0.,0.,0.,0.,0.,0.,0.,0.,0.,0.,0.,0.,0.,0.,0.,50.000087500153,0.,0.,0.,0.,0.,0.,0.,0.,0.,0.,108913.5993937,6801.6187852709,0.,0.,0.,1100.0423516305,0.,0
85.293,0.,2400.2016169358,4200.6174907711,44168.173575914,0.,0.,100.00035000123,0.,0.,4400.6777043665,0.,0.,0.,0.,0.,0.,0.,0.,0.,0.,0.,0.,0.,0.,0.,0.,0.,0.,0.,0.,0.,0.,0.,0.,0.,0.,0.,109215.89412483,7501.9692669326,100.00035000123,0.,0.,1000.035001225,0.,0
86.022,0.,1400.0686033616,2900.2943798796,45171.30290163,200.0014000098,100.00035000123,200.0014000098,0.,20.00001400001,3400.4046481531,0.,0.,0.,0.,0.,0.,0.,0.,0.,0.,0.,0.,0.,0.,0.,50.000087500153,50.000087500153,0.,0.,100.00035000123,0.,0.,0.,0.,0.,0.,0.,102365.44463736,6501.4790864922,0.,0.,0.,1200.0504021169,0.,0
86.751,0.,1000.035001225,2400.2016169358,42964.511213587,100.00035000123,100.00035000123,400.0056000784,0.,0.,3600.4536571608,0.,0.,0.,0.,0.,0.,0.,0.,0.,0.,0.,0.,0.,0.,0.,50.000087500153,0.,0.,0.,200.0014000098,0.,0.,0.,0.,0.,0.,0.,97733.172384659,6001.2602646556,0.,0.,0.,1000.035001225,0.,0
87.48,0.,1500.0787541346,3000.3150330785,45472.255413853,200.0014000098,100.00035000123,300.00315003308,0.,40.000056000078,3800.5054672271,0.,150.00078750413,0.,0.,0.,0.,0.,0.,0.,0.,0.,0.,0.,0.,0.,0.,0.,0.,100.00035000123,100.00035000123,0.,0.,0.,0.,0.,0.,0.,107603.72919193,7602.0221378887,0.,0.,0.,1900.1263584028,0.,0
88.209,0.,1200.0504021169,2100.1543613456,46676.128766017,0.,0.,100.00035000123,0.,0.,3100.3363864979,0.,0.,0.,0.,0.,0.,0.,0.,0.,0.,0.,0.,0.,0.,0.,50.000087500153,0.,0.,0.,0.,0.,0.,0.,0.,0.,0.,0.,98035.231474025,7702.0757094037,0.,0.,0.,1600.0896050179,0.,0
88.938,0.,1600.0896050179,2900.2943798796,43064.812542877,200.0014000098,0.,400.0056000784,0.,0.,3300.3811940279,0.,0.,0.,0.,0.,0.,0.,0.,0.,0.,0.,0.,0.,0.,0.,0.,50.000087500153,0.,0.,0.,0.,0.,0.,0.,0.,0.,0.,94511.604760897,7702.0757094037,0.,0.,0.,900.02835089305,0.,0
89.667,0.,700.01715042019,1400.0686033616,40858.345717685,100.00035000123,0.,100.00035000123,0.,20.00001400001,3800.5054672271,0.,0.,0.,0.,0.,0.,0.,0.,0.,0.,0.,0.,0.,0.,0.,0.,0.,0.,0.,0.,0.,0.,0.,0.,0.,0.,0.,97330.436833048,6201.3456920152,0.,0.,0.,1100.0423516305,0.,0
90.396,0.,1400.0686033616,700.01715042019,37850.075650085,0.,0.,400.0056000784,0.,0.,4600.7407192558,0.,0.,0.,0.,0.,0.,0.,0.,0.,0.,0.,0.,0.,0.,0.,0.,0.,0.,0.,0.,0.,0.,0.,0.,0.,0.,0.,95316.928788221,6701.5715185211,0.,0.,0.,1400.0686033616,0.,0
91.125,0.,1400.0686033616,1600.0896050179,39855.518737601,100.00035000123,0.,300.00315003308,0.,0.,3700.479212058,0.,0.,0.,0.,0.,0.,0.,0.,0.,0.,0.,0.,0.,0.,0.,0.,0.,0.,0.,0.,0.,0.,0.,0.,0.,0.,0.,99948.420192792,7201.8148573441,0.,0.,0.,1000.035001225,0.,0
91.854,0.,900.02835089305,700.01715042019,41058.919549554,600.01260026461,0.,500.00875015313,0.,20.00001400001,3500.4288025283,0.,0.,0.,0.,0.,0.,0.,0.,0.,0.,0.,0.,0.,0.,0.,100.00035000123,0.,0.,0.,0.,0.,0.,0.,0.,0.,0.,0.,95115.593539364,7101.76478855,0.,0.,0.,1600.0896050179,0.,0
92.583,0.,300.00315003308,400.0056000784,38953.034556549,300.00315003308,0.,200.0014000098,0.,40.000056000078,2900.2943798796,0.,0.,0.,0.,0.,0.,0.,0.,0.,0.,0.,0.,0.,0.,0.,0.,0.,0.,0.,0.,0.,0.,0.,0.,0.,0.,0.,85555.425723497,8102.2970011998,0.,0.,100.00035000123,800.02240062722,0.,0
93.312,0.,500.00875015313,0.,39855.518737601,200.0014000098,0.,300.00315003308,0.,20.00001400001,3200.3584401453,0.,0.,0.,0.,0.,0.,0.,0.,0.,0.,0.,0.,0.,0.,0.,0.,0.,0.,0.,0.,0.,0.,0.,0.,0.,0.,0.,88976.226695777,6801.6187852709,0.,0.,0.,1300.0591526914,0.,0
94.041,0.,100.00035000123,300.00315003308,40657.774697846,200.0014000098,0.,200.0014000098,0.,20.00001400001,3100.3363864979,0.,0.,0.,0.,0.,0.,0.,0.,0.,0.,0.,0.,0.,0.,0.,0.,0.,0.,0.,0.,0.,0.,0.,0.,0.,0.,0.,79922.945055232,7902.1849541398,0.,0.,0.,1000.035001225,100.00035000123,0
94.77,0.,200.0014000098,400.0056000784,40256.641094019,100.00035000123,0.,0.,0.,0.,4300.6472474107,0.,0.,0.,0.,0.,0.,0.,0.,0.,0.,0.,0.,0.,0.,0.,0.,0.,0.,0.,0.,0.,0.,0.,0.,0.,0.,0.,83543.571282073,6601.524952264,0.,0.,0.,1100.0423516305,0.,0
95.499,0.,500.00875015313,400.0056000784,39755.239905849,400.0056000784,0.,400.0056000784,0.,20.00001400001,3300.3811940279,0.,0.,0.,0.,0.,0.,0.,0.,0.,0.,0.,0.,0.,0.,0.,0.,0.,0.,0.,0.,0.,0.,0.,0.,0.,0.,0.,83845.331439793,5901.2186016412,0.,0.,0.,1000.035001225,0.,0
96.228,0.,100.00035000123,100.00035000123,41159.207520018,0.,0.,100.00035000123,0.,20.00001400001,3100.3363864979,0.,0.,50.000087500153,0.,0.,0.,0.,0.,0.,0.,0.,0.,0.,0.,0.,0.,0.,0.,0.,0.,0.,0.,0.,0.,0.,0.,0.,80727.449589218,7802.1299814849,0.,0.,0.,600.01260026461,0.,0
96.957,0.,600.01260026461,400.0056000784,38652.219148069,400.0056000784,0.,500.00875015313,0.,20.00001400001,2900.2943798796,0.,0.,0.,0.,0.,0.,0.,0.,0.,0.,0.,0.,0.,0.,0.,0.,0.,0.,0.,0.,0.,0.,0.,0.,0.,0.,0.,85957.830512623,7001.715420278,0.,200.0014000098,0.,900.02835089305,0.,0
97.686,0.,600.01260026461,0.,39855.518737601,200.0014000098,0.,100.00035000123,0.,0.,2700.255174114,0.,0.,0.,0.,0.,0.,0.,0.,0.,0.,0.,0.,0.,0.,0.,0.,0.,0.,0.,0.,0.,0.,0.,0.,0.,0.,0.,79219.04064739,7501.9692669326,0.,0.,0.,1500.0787541346,0.,0
98.415,0.,700.01715042019,100.00035000123,43967.556150025,200.0014000098,0.,300.00315003308,0.,0.,2000.1400098007,0.,0.,0.,0.,0.,0.,0.,0.,0.,0.,0.,0.,0.,0.,0.,0.,0.,0.,0.,0.,0.,0.,0.,0.,0.,0.,0.,86259.641520978,7702.0757094037,0.,0.,0.,1200.0504021169,0.,0
99.144,0.,200.0014000098,300.00315003308,35945.165099948,500.00875015313,0.,400.0056000784,0.,20.00001400001,3300.3811940279,0.,0.,0.,0.,0.,0.,0.,0.,0.,0.,0.,0.,0.,0.,0.,0.,0.,0.,0.,0.,0.,0.,0.,0.,0.,0.,0.,82839.488962591,7001.715420278,0.,0.,0.,700.01715042019,0.,0
99.873,0.,500.00875015313,0.,38150.874190733,100.00035000123,0.,100.00035000123,0.,0.,3300.3811940279,0.,0.,0.,0.,0.,0.,0.,0.,0.,0.,0.,0.,0.,0.,0.,0.,0.,0.,0.,0.,0.,0.,0.,0.,0.,0.,0.,92397.84445159,6001.2602646556,0.,0.,0.,1200.0504021169,0.,0
100.602,0.,1000.035001225,0.,38050.607307719,0.,0.,200.0014000098,0.,0.,3700.479212058,0.,0.,0.,0.,0.,0.,0.,0.,0.,0.,0.,0.,0.,0.,0.,100.00035000123,0.,0.,0.,0.,0.,0.,0.,0.,0.,0.,0.,81833.717096026,6701.5715185211,0.,0.,0.,1700.1011560188,0.,0
101.331,0.,300.00315003308,100.00035000123,39354.131608027,200.0014000098,0.,400.0056000784,0.,20.00001400001,3400.4046481531,0.,0.,50.000087500153,0.,0.,0.,0.,0.,0.,0.,0.,0.,0.,0.,0.,0.,0.,0.,0.,0.,0.,0.,0.,0.,0.,0.,0.,78917.377917474,6901.6667525207,0.,0.,0.,1800.1134071446,0.,100.0003500012
102.06,0.,400.0056000784,0.,37549.283434508,200.0014000098,0.,200.0014000098,20.00001400001,0.,3500.4288025283,0.,0.,0.,0.,0.,0.,0.,0.,0.,0.,0.,0.,0.,0.,0.,0.,0.,0.,0.,0.,0.,0.,100.00035000123,0.,0.,0.,0.,87567.562687793,7401.917096528,0.,0.,0.,1200.0504021169,0.,0
102.789,0.,400.0056000784,0.,40056.078509914,200.0014000098,0.,400.0056000784,0.,0.,3300.3811940279,0.,0.,0.,0.,0.,0.,0.,0.,0.,0.,0.,0.,0.,0.,0.,0.,0.,0.,0.,0.,0.,0.,0.,0.,0.,0.,0.,80626.884051722,5801.1776390607,0.,0.,0.,1200.0504021169,0.,0
103.518,0.,500.00875015313,100.00035000123,38050.607307719,100.00035000123,0.,200.0014000098,0.,0.,3900.5324226757,0.,0.,0.,0.,0.,0.,0.,0.,0.,0.,0.,0.,0.,0.,0.,0.,0.,0.,0.,0.,0.,0.,0.,0.,0.,0.,0.,84650.05626621,7501.9692669326,0.,0.,0.,1400.0686033616,0.,0
104.247,0.,0.,100.00035000123,36646.944736207,0.,0.,200.0014000098,20.00001400001,40.000056000078,2500.2187691423,0.,0.,0.,0.,0.,0.,0.,0.,0.,0.,0.,0.,0.,0.,0.,0.,0.,0.,0.,0.,0.,0.,0.,0.,0.,0.,0.,79621.267502389,8602.5893794032,0.,0.,0.,1400.0686033616,0.,0
104.976,0.,600.01260026461,0.,44569.41686677,200.0014000098,0.,200.0014000098,0.,0.,4300.6472474107,0.,0.,0.,0.,0.,0.,0.,0.,0.,0.,0.,0.,0.,0.,0.,0.,0.,0.,0.,0.,0.,0.,0.,0.,0.,0.,0.,82034.865820845,7001.715420278,0.,0.,0.,1100.0423516305,0.,0
105.705,0.,500.00875015313,100.00035000123,37549.283434508,100.00035000123,0.,200.0014000098,0.,0.,3800.5054672271,0.,0.,0.,0.,0.,0.,0.,0.,0.,0.,0.,0.,0.,0.,0.,0.,0.,0.,0.,0.,0.,0.,0.,0.,0.,0.,0.,82135.441242321,6701.5715185211,0.,0.,0.,1700.1011560188,0.,0
106.434,0.,300.00315003308,300.00315003308,35945.165099948,100.00035000123,0.,300.00315003308,0.,0.,3200.3584401453,0.,0.,0.,0.,0.,0.,0.,0.,0.,0.,0.,0.,0.,0.,0.,0.,0.,0.,0.,100.00035000123,0.,0.,0.,0.,0.,0.,0.,78314.071514485,7902.1849541398,0.,0.,0.,1200.0504021169,0.,0
107.163,0.,100.00035000123,200.0014000098,32336.556477097,100.00035000123,0.,200.0014000098,0.,0.,2900.2943798796,0.,0.,0.,0.,0.,0.,0.,0.,0.,0.,0.,0.,0.,0.,0.,0.,0.,0.,0.,0.,0.,0.,0.,0.,0.,0.,0.,86863.28260959,6701.5715185211,0.,0.,0.,1000.035001225,0.,0
107.892,0.,700.01715042019,300.00315003308,37749.81087545,0.,0.,200.0014000098,0.,0.,3700.479212058,0.,50.000087500153,0.,0.,0.,0.,0.,0.,0.,0.,0.,0.,0.,0.,0.,0.,50.000087500153,0.,0.,0.,0.,0.,0.,0.,0.,0.,0.,85656.025861299,6101.3026281111,0.,0.,0.,1000.035001225,0.,0
108.621,0.,400.0056000784,100.00035000123,38551.948750942,300.00315003308,0.,400.0056000784,40.000056000078,0.,3400.4046481531,0.,0.,0.,0.,0.,0.,0.,0.,0.,0.,0.,0.,0.,0.,0.,0.,0.,0.,0.,0.,0.,0.,0.,0.,0.,0.,0.,89278.101285504,6801.6187852709,100.00035000123,100.00035000123,0.,500.00875015313,0.,0
109.35,0.,300.00315003308,300.00315003308,39855.518737601,300.00315003308,0.,0.,0.,0.,3400.4046481531,0.,0.,0.,0.,0.,0.,0.,0.,0.,0.,0.,0.,0.,0.,0.,0.,0.,0.,0.,0.,0.,0.,0.,0.,0.,0.,0.,79017.931454953,8302.4118506426,0.,0.,0.,900.02835089305,0.,0
110.079,0.,300.00315003308,100.00035000123,34040.508204764,200.0014000098,0.,300.00315003308,20.00001400001,0.,3200.3584401453,100.00035000123,0.,0.,0.,0.,0.,0.,0.,0.,0.,0.,0.,0.,0.,0.,0.,0.,0.,0.,0.,0.,0.,0.,0.,0.,0.,0.,85656.025861299,6901.6667525207,0.,0.,0.,1700.1011560188,0.,100.0003500012
110.808,0.,400.0056000784,400.0056000784,36947.717977768,300.00315003308,0.,500.00875015313,20.00001400001,20.00001400001,2700.255174114,0.,0.,0.,0.,0.,0.,0.,0.,0.,0.,0.,0.,0.,0.,0.,0.,0.,0.,0.,0.,0.,0.,0.,0.,0.,0.,0.,85354.227566808,5901.2186016412,0.,100.00035000123,0.,1200.0504021169,0.,0
111.537,0.,500.00875015313,100.00035000123,39654.961777023,100.00035000123,0.,200.0014000098,0.,40.000056000078,3300.3811940279,0.,0.,0.,0.,0.,0.,0.,0.,0.,0.,0.,0.,0.,0.,0.,0.,0.,0.,0.,0.,0.,0.,0.,0.,0.,0.,0.,76705.378651339,7401.917096528,0.,0.,0.,1400.0686033616,0.,0
112.266,0.,300.00315003308,200.0014000098,39053.307765099,400.0056000784,0.,200.0014000098,0.,60.000126000265,2600.2366215326,0.,0.,0.,0.,0.,0.,0.,0.,0.,0.,0.,0.,0.,0.,0.,0.,0.,0.,0.,0.,0.,0.,0.,0.,0.,0.,0.,87366.336276138,6201.3456920152,0.,0.,0.,1200.0504021169,0.,0
112.995,0.,500.00875015313,200.0014000098,37148.236985726,200.0014000098,0.,600.01260026461,20.00001400001,40.000056000078,3800.5054672271,0.,0.,0.,0.,0.,0.,0.,0.,0.,0.,0.,0.,0.,0.,0.,0.,0.,0.,0.,0.,0.,0.,0.,0.,0.,0.,0.,87064.501956945,6801.6187852709,0.,0.,0.,1500.0787541346,0.,100.0003500012
113.724,0.,700.01715042019,300.00315003308,37850.075650085,100.00035000123,0.,500.00875015313,0.,0.,3000.3150330785,0.,0.,0.,0.,0.,0.,0.,0.,0.,0.,0.,0.,0.,0.,0.,0.,0.,0.,0.,0.,0.,0.,0.,0.,0.,0.,0.,88875.603245665,7101.76478855,0.,0.,0.,900.02835089305,0.,0
114.453,0.,200.0014000098,100.00035000123,39454.407628119,100.00035000123,100.00035000123,200.0014000098,0.,0.,5200.9465722762,0.,0.,0.,0.,16.666676388895,0.,0.,0.,0.,0.,0.,0.,0.,0.,0.,0.,0.,0.,0.,0.,0.,0.,100.00035000123,0.,0.,0.,0.,77710.790519284,6001.2602646556,0.,0.,0.,1200.0504021169,0.,0
115.182,0.,600.01260026461,200.0014000098,36747.201780687,0.,0.,400.0056000784,0.,0.,3800.5054672271,0.,0.,0.,0.,0.,0.,0.,0.,0.,0.,0.,0.,0.,0.,0.,0.,0.,0.,0.,0.,0.,0.,0.,0.,0.,0.,0.,83945.919571384,7201.8148573441,100.00035000123,0.,0.,1300.0591526914,0.,0
115.911,0.,500.00875015313,100.00035000123,39253.856290831,0.,0.,400.0056000784,0.,0.,3900.5324226757,0.,0.,0.,0.,0.,0.,0.,0.,0.,0.,0.,0.,0.,0.,0.,0.,0.,0.,0.,0.,0.,0.,0.,0.,0.,0.,0.,87165.112690247,7401.917096528,0.,0.,0.,1000.035001225,0.,0
116.64,0.,400.0056000784,100.00035000123,41660.657917929,0.,0.,700.01715042019,20.00001400001,20.00001400001,2800.2744268938,0.,0.,0.,0.,0.,0.,0.,0.,0.,0.,0.,0.,0.,0.,0.,0.,0.,0.,0.,0.,0.,0.,0.,0.,0.,0.,0.,87265.724129976,6801.6187852709,0.,0.,0.,1300.0591526914,0.,100.0003500012
117.369,0.,500.00875015313,200.0014000098,37449.020768186,300.00315003308,100.00035000123,0.,0.,0.,4000.560078411,0.,0.,0.,0.,0.,0.,0.,0.,0.,0.,0.,0.,0.,0.,0.,0.,50.000087500153,0.,0.,0.,0.,0.,0.,0.,0.,0.,0.,86662.06608785,6901.6667525207,0.,100.00035000123,0.,1700.1011560188,0.,0
118.098,0.,400.0056000784,100.00035000123,39153.581676524,100.00035000123,0.,100.00035000123,0.,0.,2900.2943798796,0.,0.,0.,0.,0.,0.,0.,0.,0.,0.,0.,0.,0.,0.,0.,0.,0.,0.,0.,0.,0.,0.,0.,0.,0.,0.,0.,82839.488962591,8502.529502527,0.,0.,0.,1600.0896050179,0.,0
118.827,0.,600.01260026461,100.00035000123,39654.961777023,200.0014000098,0.,300.00315003308,0.,20.00001400001,3500.4288025283,0.,0.,0.,0.,0.,0.,0.,0.,0.,0.,0.,0.,0.,0.,0.,0.,0.,0.,0.,0.,0.,0.,0.,0.,0.,0.,0.,82537.749988843,6801.6187852709,0.,0.,0.,1600.0896050179,0.,0
119.556,0.,300.00315003308,0.,37248.497543802,200.0014000098,0.,100.00035000123,20.00001400001,0.,5000.8751531518,0.,0.,0.,0.,0.,0.,0.,0.,0.,0.,0.,0.,0.,0.,0.,0.,0.,0.,0.,0.,0.,0.,0.,0.,0.,0.,0.,91693.326952922,6501.4790864922,0.,0.,0.,1100.0423516305,0.,0
120.285,100.00035000123,300.00315003308,100.00035000123,37148.236985726,0.,0.,500.00875015313,0.,20.00001400001,3700.479212058,0.,0.,0.,0.,0.,0.,0.,0.,0.,0.,0.,0.,0.,0.,0.,0.,0.,0.,0.,0.,0.,0.,0.,0.,0.,0.,0.,86460.852391666,7101.76478855,0.,100.00035000123,0.,1700.1011560188,0.,100.0003500012
121.014,0.,300.00315003308,100.00035000123,36346.177818919,100.00035000123,0.,0.,0.,40.000056000078,3100.3363864979,0.,50.000087500153,0.,0.,0.,0.,0.,0.,0.,0.,0.,0.,0.,0.,0.,50.000087500153,0.,0.,0.,0.,0.,0.,0.,0.,0.,0.,0.,81431.428118713,7401.917096528,0.,0.,100.00035000123,800.02240062722,0.,0
121.743,0.,300.00315003308,100.00035000123,39253.856290831,200.0014000098,0.,0.,20.00001400001,0.,2600.2366215326,0.,0.,0.,0.,0.,0.,0.,0.,0.,0.,0.,0.,0.,0.,0.,0.,0.,0.,0.,0.,0.,0.,0.,0.,0.,0.,0.,81531.99930402,7001.715420278,0.,0.,0.,1200.0504021169,0.,0
122.472,0.,100.00035000123,300.00315003308,35644.412938521,100.00035000123,0.,100.00035000123,0.,20.00001400001,3600.4536571608,0.,0.,0.,0.,0.,0.,0.,0.,0.,0.,0.,0.,0.,0.,0.,0.,0.,0.,0.,0.,0.,0.,100.00035000123,0.,0.,0.,0.,79721.825980792,6801.6187852709,100.00035000123,100.00035000123,100.00035000123,1000.035001225,0.,0
123.201,0.,500.00875015313,100.00035000123,38652.219148069,100.00035000123,0.,400.0056000784,0.,20.00001400001,3400.4046481531,0.,0.,0.,0.,0.,0.,0.,0.,0.,0.,0.,0.,0.,0.,0.,0.,0.,0.,0.,0.,0.,0.,0.,0.,0.,0.,0.,82135.441242321,7602.0221378887,0.,0.,0.,700.01715042019,0.,0
123.93,0.,400.0056000784,0.,35945.165099948,400.0056000784,0.,200.0014000098,0.,0.,3300.3811940279,0.,0.,0.,0.,0.,0.,0.,0.,0.,0.,0.,0.,0.,0.,0.,0.,0.,0.,0.,0.,0.,0.,0.,0.,0.,0.,0.,80626.884051722,7602.0221378887,0.,0.,0.,1000.035001225,0.,0
124.659,0.,100.00035000123,0.,37449.020768186,100.00035000123,0.,100.00035000123,0.,0.,3800.5054672271,0.,0.,0.,0.,0.,100.00035000123,0.,0.,0.,0.,0.,0.,0.,0.,0.,0.,0.,0.,0.,0.,0.,0.,0.,0.,0.,0.,0.,86662.06608785,7301.8656266676,0.,0.,0.,1500.0787541346,0.,0
125.388,0.,500.00875015313,0.,41560.366432243,300.00315003308,0.,200.0014000098,0.,0.,2300.1851649058,0.,0.,0.,0.,0.,0.,0.,0.,0.,0.,0.,0.,0.,0.,0.,0.,0.,0.,0.,0.,0.,0.,0.,0.,0.,0.,0.,86058.433475728,6101.3026281111,0.,100.00035000123,0.,1000.035001225,0.,0
126.117,0.,300.00315003308,100.00035000123,40356.923440513,200.0014000098,0.,300.00315003308,0.,0.,3200.3584401453,0.,0.,0.,0.,0.,0.,0.,0.,0.,0.,0.,0.,0.,0.,0.,0.,0.,0.,0.,0.,0.,0.,0.,0.,0.,0.,0.,78515.170825648,7301.8656266676,0.,0.,0.,1200.0504021169,0.,0
126.846,0.,300.00315003308,100.00035000123,40457.206489977,200.0014000098,0.,300.00315003308,0.,0.,3500.4288025283,0.,0.,0.,0.,0.,0.,0.,0.,0.,0.,0.,0.,0.,0.,0.,0.,0.,0.,0.,0.,0.,0.,0.,0.,0.,0.,0.,81431.428118713,6401.4339211983,0.,0.,0.,1000.035001225,0.,0
127.575,0.,600.01260026461,100.00035000123,42663.611444664,400.0056000784,0.,200.0014000098,0.,0.,2900.2943798796,0.,0.,0.,0.,0.,0.,0.,0.,0.,0.,0.,0.,0.,0.,0.,0.,0.,0.,0.,0.,0.,0.,0.,0.,0.,0.,0.,84549.463191145,5501.0589538486,0.,0.,0.,600.01260026461,0.,0
128.304,0.,400.0056000784,200.0014000098,37148.236985726,200.0014000098,0.,300.00315003308,0.,0.,2000.1400098007,0.,0.,0.,0.,0.,0.,0.,0.,0.,0.,0.,0.,0.,0.,0.,0.,0.,0.,0.,0.,0.,0.,0.,0.,0.,0.,0.,73890.600804776,7902.1849541398,0.,0.,0.,1200.0504021169,0.,0
129.033,0.,500.00875015313,0.,35744.662956364,300.00315003308,0.,300.00315003308,0.,0.,2700.255174114,0.,0.,0.,0.,0.,0.,0.,0.,0.,0.,0.,0.,0.,0.,0.,0.,0.,0.,0.,0.,0.,0.,0.,0.,0.,0.,0.,88171.258877938,5300.9833324082,0.,0.,0.,1200.0504021169,0.,0
129.762,0.,600.01260026461,100.00035000123,32236.330344298,100.00035000123,0.,500.00875015313,0.,20.00001400001,2400.2016169358,0.,0.,0.,0.,0.,0.,0.,0.,0.,0.,0.,0.,0.,0.,0.,0.,0.,0.,0.,0.,0.,0.,0.,0.,0.,0.,0.,84851.244535068,6801.6187852709,0.,100.00035000123,0.,1200.0504021169,0.,0
130.491,100.00035000123,200.0014000098,100.00035000123,37850.075650085,300.00315003308,0.,300.00315003308,0.,0.,3600.4536571608,0.,50.000087500153,0.,0.,0.,0.,0.,0.,0.,0.,0.,0.,0.,0.,0.,0.,0.,0.,0.,0.,0.,0.,0.,0.,0.,0.,0.,82940.07003271,8402.4703262759,0.,0.,0.,900.02835089305,0.,0
131.22,0.,200.0014000098,200.0014000098,37749.81087545,200.0014000098,0.,200.0014000098,0.,0.,3400.4046481531,0.,0.,0.,0.,0.,0.,0.,0.,0.,0.,0.,0.,0.,0.,0.,0.,0.,0.,0.,0.,0.,0.,0.,0.,0.,0.,0.,81833.717096026,7201.8148573441,0.,0.,0.,1500.0787541346,0.,100.0003500012
131.95,0.,500.00875015313,100.00035000123,36847.459527872,400.0056000784,0.,800.02240062722,0.,20.00001400001,3400.4046481531,0.,0.,0.,0.,0.,0.,0.,0.,0.,0.,0.,0.,0.,0.,0.,0.,0.,0.,0.,0.,0.,0.,0.,0.,0.,0.,0.,83644.157295145,6201.3456920152,0.,0.,0.,1000.035001225,0.,0
132.679,0.,600.01260026461,200.0014000098,35243.419893309,200.0014000098,0.,200.0014000098,0.,0.,4300.6472474107,0.,50.000087500153,0.,0.,0.,0.,0.,0.,0.,0.,0.,0.,0.,0.,0.,0.,0.,0.,0.,0.,0.,0.,0.,0.,0.,0.,0.,78917.377917474,6101.3026281111,0.,0.,0.,800.02240062722,0.,0
133.408,0.,100.00035000123,200.0014000098,37047.977130384,100.00035000123,0.,400.0056000784,0.,60.000126000265,1800.1134071446,0.,0.,0.,0.,0.,0.,0.,0.,0.,0.,0.,0.,0.,0.,0.,0.,0.,0.,0.,0.,0.,0.,0.,0.,0.,0.,0.,90284.395846918,7802.1299814849,0.,0.,0.,1500.0787541346,0.,0
134.137,0.,200.0014000098,300.00315003308,40758.059856265,500.00875015313,0.,200.0014000098,0.,20.00001400001,4100.5884344403,0.,0.,0.,0.,0.,0.,0.,0.,0.,0.,0.,0.,0.,0.,0.,0.,0.,0.,0.,0.,0.,0.,0.,0.,0.,0.,0.,81833.717096026,5501.0589538486,0.,0.,100.00035000123,1400.0686033616,0.,0
134.866,0.,600.01260026461,300.00315003308,35143.173388508,300.00315003308,0.,200.0014000098,0.,0.,4400.6777043665,0.,0.,0.,0.,0.,0.,0.,100.00035000123,0.,0.,0.,0.,0.,0.,0.,0.,0.,0.,0.,0.,0.,50.000087500153,0.,0.,0.,0.,0.,82236.017369851,7301.8656266676,0.,0.,0.,1400.0686033616,0.,0
135.595,0.,800.02240062722,200.0014000098,37649.546803594,200.0014000098,0.,200.0014000098,0.,0.,4000.560078411,0.,0.,0.,0.,0.,0.,0.,0.,0.,0.,0.,0.,0.,0.,0.,0.,0.,0.,0.,0.,0.,0.,0.,0.,0.,0.,0.,82839.488962591,8502.529502527,0.,0.,0.,900.02835089305,0.,0
136.324,0.,600.01260026461,200.0014000098,37047.977130384,0.,0.,500.00875015313,0.,0.,2300.1851649058,0.,0.,0.,0.,0.,0.,0.,0.,0.,0.,0.,0.,0.,0.,0.,0.,0.,0.,0.,0.,0.,0.,0.,0.,0.,0.,0.,84448.870822313,8302.4118506426,0.,0.,0.,1000.035001225,0.,0
137.053,0.,200.0014000098,200.0014000098,43666.635285446,100.00035000123,0.,200.0014000098,0.,20.00001400001,3200.3584401453,0.,0.,0.,0.,0.,0.,0.,0.,0.,0.,0.,0.,0.,0.,0.,0.,0.,0.,0.,0.,0.,0.,0.,0.,0.,0.,0.,81230.2878661,7401.917096528,0.,0.,0.,1100.0423516305,0.,0
137.782,0.,700.01715042019,0.,36546.688394424,100.00035000123,0.,100.00035000123,20.00001400001,20.00001400001,3400.4046481531,0.,0.,0.,0.,0.,0.,0.,0.,0.,0.,0.,0.,0.,0.,0.,0.,0.,0.,0.,0.,0.,0.,0.,0.,0.,0.,0.,82940.07003271,6901.6667525207,100.00035000123,0.,0.,1600.0896050179,0.,0
138.511,0.,500.00875015313,100.00035000123,37850.075650085,300.00315003308,0.,400.0056000784,20.00001400001,0.,4500.7088616457,0.,0.,0.,0.,0.,0.,0.,0.,0.,0.,0.,0.,0.,0.,0.,0.,0.,0.,0.,0.,0.,0.,0.,0.,0.,0.,0.,78012.427841011,5701.1373769067,0.,0.,0.,1100.0423516305,0.,0
139.24,0.,200.0014000098,100.00035000123,39153.581676524,200.0014000098,0.,300.00315003308,0.,0.,4200.6174907711,0.,0.,0.,0.,0.,0.,0.,0.,0.,0.,0.,0.,0.,0.,0.,0.,0.,0.,0.,0.,0.,0.,0.,0.,0.,0.,0.,80224.628961091,5401.0207929299,0.,100.00035000123,0.,1200.0504021169,0.,0
139.969,0.,800.02240062722,200.0014000098,36546.688394424,200.0014000098,0.,200.0014000098,0.,0.,3500.4288025283,0.,0.,0.,0.,0.,0.,0.,0.,0.,0.,0.,0.,0.,0.,0.,0.,50.000087500153,0.,0.,0.,0.,0.,0.,0.,0.,0.,0.,78012.427841011,6401.4339211983,0.,0.,0.,1200.0504021169,0.,0
140.698,0.,500.00875015313,200.0014000098,38251.141776555,200.0014000098,0.,400.0056000784,20.00001400001,0.,3500.4288025283,0.,0.,0.,0.,0.,0.,0.,0.,0.,0.,0.,0.,0.,0.,0.,0.,0.,0.,0.,0.,0.,0.,0.,0.,0.,0.,0.,85656.025861299,6801.6187852709,0.,100.00035000123,0.,1900.1263584028,0.,0
141.427,0.,0.,200.0014000098,40256.641094019,800.02240062722,0.,300.00315003308,0.,0.,2700.255174114,0.,0.,0.,0.,0.,0.,0.,0.,0.,0.,0.,0.,0.,0.,0.,0.,0.,0.,0.,0.,0.,0.,0.,0.,0.,0.,0.,86259.641520978,7902.1849541398,0.,0.,0.,2100.1543613456,0.,0
142.156,0.,200.0014000098,300.00315003308,40557.490242419,100.00035000123,0.,0.,0.,0.,2800.2744268938,0.,0.,0.,0.,0.,0.,0.,0.,0.,0.,0.,0.,0.,0.,0.,0.,0.,0.,0.,100.00035000123,0.,0.,0.,0.,0.,0.,0.,84650.05626621,5701.1373769067,0.,0.,0.,1000.035001225,0.,0
142.885,0.,600.01260026461,200.0014000098,41660.657917929,500.00875015313,0.,0.,0.,0.,2500.2187691423,0.,0.,0.,0.,0.,0.,0.,0.,0.,0.,0.,0.,0.,0.,0.,0.,0.,0.,0.,0.,0.,0.,0.,0.,0.,0.,0.,84046.508409164,7401.917096528,100.00035000123,0.,0.,2000.1400098007,0.,0
143.614,0.,700.01715042019,100.00035000123,38351.410065192,200.0014000098,0.,0.,0.,20.00001400001,3200.3584401453,0.,0.,0.,0.,0.,0.,0.,0.,0.,0.,0.,0.,0.,0.,0.,0.,0.,0.,0.,0.,0.,0.,0.,0.,0.,0.,0.,83342.401374397,7902.1849541398,0.,0.,0.,800.02240062722,0.,0
144.343,0.,500.00875015313,100.00035000123,40256.641094019,100.00035000123,0.,200.0014000098,0.,20.00001400001,3700.479212058,0.,0.,0.,0.,0.,0.,0.,0.,0.,0.,0.,0.,0.,0.,0.,0.,0.,0.,0.,0.,0.,0.,0.,0.,0.,0.,0.,83744.744014382,6301.3894563751,0.,0.,0.,1500.0787541346,0.,0
145.072,0.,200.0014000098,200.0014000098,38351.410065192,100.00035000123,0.,0.,0.,0.,3400.4046481531,0.,0.,0.,0.,0.,0.,0.,50.000087500153,0.,0.,0.,0.,0.,0.,0.,0.,0.,0.,100.00035000123,0.,0.,0.,0.,0.,0.,0.,0.,85354.227566808,8902.7732138561,0.,0.,0.,1700.1011560188,0.,0

